index,date,question,answer,source
1,2026-09-15,"Qual o estado mais recentemente criado?","Tocantins (TO)","https://pt.wikipedia.org/wiki/Tocantins"
2,2026-09-16,"Qual estado detém primeiro lugar em produção de ovos em 2026?","São Paulo (SP)","https://conectaagrobrasil.com.br/pecuaria/qual-estado-mais-produz-ovos-no-brasil/"
3,2026-09-17,"Qual estado produziu a maior quantidade de café em 2026?","Minas Gerais (MG)","https://globoplay.globo.com/v/14478446/"
4,2026-09-18,"Qual estado com a maior produção nacional de grãos?","Mato Grosso (MT)","https://agenciadenoticias.ibge.gov.br/agencia-sala-de-imprensa/2013-agencia-de-noticias/releases/46079-em-fevereiro-ibge-estima-que-a-safra-nacional-chegara-a-344-1-milhoes-de-toneladas-em-2026"
5,2026-09-19,"Qual estado teve maior crescimento industrial em 2026?","Pará (PA)","https://agenciadenoticias.ibge.gov.br/agencia-sala-de-imprensa/2013-agencia-de-noticias/releases/46089-em-janeiro-industria-cresce-em-sete-dos-15-locais-pesquisados"
6,2026-09-20,"Em qual estado se situou o povoado de Canudos?","Bahia (BA)","https://pt.wikipedia.org/wiki/Canudos"
7,2026-09-21,"De qual estado são os clubes de futebol América e ABC?","Rio Grande do Norte (RN)","https://pt.wikipedia.org/wiki/Rio_Grande_do_Norte"
8,2026-09-22,"Em qual estado brasileiro foi situada a única capital europeia fora de território europeu?","Rio de Janeiro (RJ)","https://historyfacts.com/world-history/fact/rio-de-janeiro-capital-portugal/"
9,2026-09-23,"Qual o estado com a maior produção de gado suíno?","Santa Catarina (SC)","https://www.canalrural.com.br/opiniao-noticias/abates-recordes-e-pressao-sobre-os-precos-marcam-suinocultura-brasileira-em-2026/"
